{"data":{"allMarkdownRemark":{"edges":[{"node":{"id":"cfc0f1d1-515a-51e7-abe3-ea0d2e13e4ad","frontmatter":{"path":"jefferson-hill","blogtitle":"Jefferson Hill","thumbnail":"../src/images/image-3.png","date":"August 25, 2020"}}},{"node":{"id":"eed33e96-9f71-5227-926f-429cace5dea0","frontmatter":{"path":"lorem-ipsum-3","blogtitle":"Lorem Ipsum","thumbnail":"../src/images/image-37.png","date":"August 05, 2020"}}},{"node":{"id":"bb62aea7-ea9b-54c1-9423-b4cc9a2eab69","frontmatter":{"path":"lorem-ipsum-2","blogtitle":"What is Lorem Ipsum? And Why?","thumbnail":"../src/images/image-37.png","date":"August 05, 2020"}}}]}}}