{"data":{"allMarkdownRemark":{"edges":[{"node":{"excerpt":"the Subscriber and any User who enjoys any of the benefits of a Service Plan in relation to which he is not the Subscriber shall, as respects the given Service Plan, have an Agreement with the Supplier under subsection 2.1(b). That Agreement: (α) between the Supplier and the Subscriber shall be effective upon the Supplier's acceptance of the order for the Service Plan, whether explicitly or…","id":"cfc0f1d1-515a-51e7-abe3-ea0d2e13e4ad","frontmatter":{"path":"jefferson-hill","blogtitle":"Jefferson Hill","author":"Mike","thumbnail":"../src/images/image-3.png","date":"August 25, 2020"}}},{"node":{"excerpt":"Lorem Ipsum is simply dummy text of the printing and typesetting industry. Lorem Ipsum has been the industry's standard dummy text ever since the 1500s, when an unknown printer took a galley of type and scrambled it to make a type specimen book. It has survived not only five centuries, but also the leap into electronic typesetting, remaining essentially unchanged. It was popularised in the 1960s…","id":"eed33e96-9f71-5227-926f-429cace5dea0","frontmatter":{"path":"lorem-ipsum-3","blogtitle":"Lorem Ipsum","author":"Walbrook Wealth Management","thumbnail":"../src/images/image-37.png","date":"August 05, 2020"}}},{"node":{"excerpt":"Lorem Ipsum is simply dummy text of the printing and typesetting industry. Lorem Ipsum has been the industry's standard dummy text ever since the 1500s, when an unknown printer took a galley of type and scrambled it to make a type specimen book. It has survived not only five centuries, but also the leap into electronic typesetting, remaining essentially unchanged. It was popularised in the 1960s…","id":"bb62aea7-ea9b-54c1-9423-b4cc9a2eab69","frontmatter":{"path":"lorem-ipsum-2","blogtitle":"What is Lorem Ipsum? And Why?","author":"Walbrook Wealth Management","thumbnail":"../src/images/image-37.png","date":"August 05, 2020"}}},{"node":{"excerpt":"Lorem Ipsum is simply dummy text of the printing and typesetting industry. Lorem Ipsum has been the industry's standard dummy text ever since the 1500s, when an unknown printer took a galley of type and scrambled it to make a type specimen book. It has survived not only five centuries, but also the leap into electronic typesetting, remaining essentially unchanged. It was popularised in the 1960s…","id":"bc35c1fc-be93-58ef-b70f-a4e503bfcce5","frontmatter":{"path":"lorem-ipsum","blogtitle":"Lorem Ipsum","author":"Walbrook Wealth Management","thumbnail":"../src/images/image-37.png","date":"August 03, 2020"}}},{"node":{"excerpt":"The impact of the Covid-19 pandemic on the global economy has been profound, especially in emerging, low-income economies with limited health care capacity. Hopes of a V-shaped recovery faded in July as Covid19 cases worldwide ticked over 15 million. However, policy settings remain incredibly favourable as central banks and governments support economies via monetary easing and fiscal measures…","id":"4262d8a0-397e-5389-af4b-6e3c905383a5","frontmatter":{"path":"hello-world-2","blogtitle":"Monthly Update - August 2020","author":"Walbrook Wealth Management","thumbnail":"../src/images/faang-ex-n.jpeg","date":"August 03, 2020"}}}]}}}