{"data":{"markdownRemark":{"frontmatter":{"title":"What we do","subtitle":"Our advice and execution can be tailored in the best way in order to meet your investment objectives and to realise your vision.","thumbnail":"../src/images/help.png","helptitle1":"Investment Advisory","helplist1":[{"title":"Risk profiling"},{"title":"Asset allocation"},{"title":"Portfolio construction"},{"title":"Managed Account selection"},{"title":"Ethical investment / ESG strategies"}],"helptitle2":"Retirement Planning","helplist2":[{"title":"Strategy reviews"},{"title":"Asset protection & transfer"},{"title":"Industry & retail superannuation"},{"title":"Self Managed Superannuation (SMSF)\n"},{"title":"Lump sum & income Stream strategies"}],"helptitle3":"Wealth Creation","helplist3":[{"title":"Cash flow planning"},{"title":"Contribution strategies"},{"title":"Tax efficient investment\n"},{"title":"Geared investment strategies"}],"helptitle4":"Risk Management","helplist4":[{"title":"Life Insurance"},{"title":"Trauma / TPD"},{"title":"Income Protection"},{"title":"Currency / Equity / Interest Rate Hedging"}],"helptitle5":"Family Office","helplist5":[{"title":"Setup and administration"},{"title":"Asset allocation & risk monitoring overlays"},{"title":"Cross border network of solution providers"},{"title":"Alternative fund & co-investment opportunities"}],"helptitle6":"Expatriates","helplist6":[{"title":"Currency hedging"},{"title":"Inbound / outbound expatriate planning"},{"title":"Cross border network of solution providers"},{"title":"Multi-currency deposits, portfolios & lending"}],"helpmain":"How we help","help1":"Client-centric approach","helpdesc1":"We understand that no two clients are the same and believe that each client requires a tailored approach. We find that this is essential when working with expatriates and complex clients.","help2":"Advisory framework","helpdesc2":"We use a structured advisory framework to assist and advise our clients across asset classes, structures and jurisdictions, providing a cohesive solution that incorporates all aspects of their wealth.","help3":"Independence","helpdesc3":"Our comprehensive, flexible advice service is made possible by our independence from financial product providers and a fair, transparent flat fee structure.","help4":"Coordination","helpdesc4":"Exposure to foreign pensions, active business assets, hedge funds, private equity and direct real estate across multiple countries calls for the coordination of professionals and financial institutions.","contacttitle":"Take care of your future today","contactdesc":"Independent provider of financial advice to private clients and their families"}}}}