{"data":{"allMarkdownRemark":{"edges":[{"node":{"excerpt":"If compareFunction is supplied, all non-undefined array elements are sorted according to the return value of the compare function (all undefined elements are sorted to the end of the array, with no call to compareFunction). If a and b are two elements being compared, then: If compareFunction(a, b) returns less than 0, sort a to an index lower than b (i.e. a comes first). If compareFunction(a, b…","id":"2b04589e-e491-53e2-b887-36693affd8d6","frontmatter":{"path":"health-wealth","blogtitle":"Health is Wealth","author":"Walbrook Wealth Management","thumbnail":"../src/images/capture.png","date":"August 25, 2020"}}}]}}}