{"data":{"markdownRemark":{"frontmatter":{"title":"For wholesale clients","subtitle":"We offer specific opportunities available through our network only to Wholesale clients. We do this on a non-advised, introduction only basis to contacts with sufficient investment knowledge and experience who have previously expressed an interest.","title2":"We offer an open-architecture service that meets the needs of both Retail and Wholesale private clients and their families","subtitle2":"We are typically asked to assist with introductions in the following areas","contacttitle":"To be kept abreast of these opportunities, please contact us","email":"info@walbrook.com.au","contact":"+61 3 9013 6262","listitems":[{"title":"Seed funding\n"},{"title":"Pre-IPO equity, on a primary or secondary basis\n"},{"title":"Private equity, on a fund or co-investment basis, including secondaries\n"},{"title":"Real estate, on a fund, direct or co-investment basis"}],"thumbnail":"../src/images/wholesale.png"}}}}