{"data":{"allMarkdownRemark":{"edges":[{"node":{"id":"2b04589e-e491-53e2-b887-36693affd8d6","frontmatter":{"path":"health-wealth","blogtitle":"Health is Wealth","thumbnail":"../src/images/capture.png","date":"August 25, 2020"}}},{"node":{"id":"cfc0f1d1-515a-51e7-abe3-ea0d2e13e4ad","frontmatter":{"path":"jefferson-hill","blogtitle":"Jefferson Hill","thumbnail":"../src/images/image-3.png","date":"August 25, 2020"}}},{"node":{"id":"eed33e96-9f71-5227-926f-429cace5dea0","frontmatter":{"path":"lorem-ipsum-3","blogtitle":"Lorem Ipsum","thumbnail":"../src/images/image-37.png","date":"August 05, 2020"}}}]}}}