{"data":{"allMarkdownRemark":{"edges":[{"node":{"excerpt":"","id":"3513f20f-934e-58f8-aa74-41aac271cf2f","frontmatter":{"path":null,"blogtitle":null,"author":null,"thumbnail":null,"date":null}}},{"node":{"excerpt":"","id":"7b660377-7015-5df6-8018-20180247ab76","frontmatter":{"path":null,"blogtitle":null,"author":null,"thumbnail":"../src/images/about.png","date":null}}},{"node":{"excerpt":"","id":"8f8a4f3a-30dc-51c2-a700-b502845c6d35","frontmatter":{"path":null,"blogtitle":null,"author":null,"thumbnail":"../src/images/advisoryframework.png","date":null}}},{"node":{"excerpt":"","id":"5695fcf2-3bc0-50d6-89b3-9e3ecee1ecc8","frontmatter":{"path":null,"blogtitle":null,"author":null,"thumbnail":null,"date":null}}},{"node":{"excerpt":"","id":"cc351a1b-046e-51cb-a547-7710b57a1152","frontmatter":{"path":null,"blogtitle":null,"author":null,"thumbnail":"../src/images/help.png","date":null}}},{"node":{"excerpt":"","id":"3ae0329f-4f39-5155-9949-22aa07312658","frontmatter":{"path":null,"blogtitle":null,"author":null,"thumbnail":null,"date":null}}},{"node":{"excerpt":"","id":"bd1c64f9-052a-511a-8326-0c24952c5ced","frontmatter":{"path":null,"blogtitle":null,"author":null,"thumbnail":"../src/images/family.png","date":null}}},{"node":{"excerpt":"","id":"fb7812e5-c29d-5b3a-9d37-9f08807c8323","frontmatter":{"path":null,"blogtitle":null,"author":null,"thumbnail":null,"date":null}}},{"node":{"excerpt":"","id":"c76ad99d-9f69-5fc5-8140-022b1506f259","frontmatter":{"path":null,"blogtitle":null,"author":null,"thumbnail":"../src/images/wholesale.png","date":null}}}]}}}