{"data":{"markdownRemark":{"frontmatter":{"office":"Level 16  ","officestreet":"414 La Trobe Street","officecity":"Melbourne VIC 3000","postalgpo":"GPO Box 1717 ","postalcity":"Melbourne VIC 3001","email":"info@walbrook.com.au","number":"+61 3 9013 6262","footerdesc1":"Walbrook Wealth Management is a trading name of Barbacane Advisors Pty Ltd (ABN 32 626 694 139; Australian Financial Services Licence No. 512465).","footerdesc2":"The Chartered Accountants Australia and New Zealand logo is a trademark of Chartered Accountants Australia and New Zealand and is used with permission.","footerdesc3":"Liability limited by a scheme approved under Professional Standards Legislation.","footerdesc4":"The information contained on this website is general in nature and does not take into account your situation. You should consider whether the information is suitable for your needs, and where appropriate, seek professional advice from a financial adviser. Every effort has been made to offer the most current, correct and clearly expressed information possible within this website; however, inadvertent errors can occur and applicable laws, rules and regulations may change. You should not act or fail to act based on information contained herein."}}}}